Timestamp,Project,Note
2024-09-15 10:12:45,Project A: Healthcare Data Management System,Had a meeting with the client to review the user authentication module for the healthcare data management system. They want to add multi-factor authentication to enhance security for doctors and nurses accessing sensitive patient information. Researching possible authentication providers for integration.
2024-09-16 14:45:32,Project A: Healthcare Data Management System,"Spent the day researching potential third-party APIs for managing secure patient data transfers between hospitals. We're considering AWS HealthLake and Microsoft Azure Health. Documentation for both is solid, but Azureâ€™s integration with existing hospital systems seems stronger. Will schedule a demo with the team next week."
2024-09-17 09:30:10,Project A: Healthcare Data Management System,"Implemented basic user access levels for the system. Doctors, nurses, and administrative staff now have distinct permissions when accessing patient data. Noticed a few edge cases during testing where user roles are not properly applied. Further testing needed before deploying this feature."
2024-09-18 13:50:00,Project A: Healthcare Data Management System,"While testing data encryption features, we found an issue with how large datasets (e.g., radiology images) are being processed and encrypted. The system slows down significantly during peak hours. Discussing with the DevOps team how to improve performance for large file handling without compromising security."
2024-09-19 16:05:28,Project A: Healthcare Data Management System,Finalized the roadmap for integrating machine learning models that can assist in early diagnosis by analyzing patient records. Phase 1 will focus on chronic disease prediction models based on historical data. The development team will start working on this in October after completing encryption optimizations.
2024-09-20 11:00:00,Project B: E-Commerce Subscription Box Platform,The client requested changes to the recommendation engine for the subscription boxes. They want to include more customer feedback loops and product ratings in the recommendation algorithm. I suggested we start with a basic star-rating system that customers can interact with after each delivery.
2024-09-21 14:15:30,Project B: E-Commerce Subscription Box Platform,"Started development on the improved recommendation engine, focusing on personalized user profiles. Using past purchase behavior and product ratings to refine the suggestions for each customer. Early tests show promising results with a 15% increase in customer satisfaction for beta users."
2024-09-22 09:45:50,Project B: E-Commerce Subscription Box Platform,Held an internal team meeting to discuss how we can speed up the checkout process on the platform. Current bottlenecks occur when customers update their subscription preferences. Planning to move the preference updates to a separate step post-checkout to make the experience smoother.
2024-09-23 12:35:10,Project B: E-Commerce Subscription Box Platform,"Spent the day researching optimizations for handling large product catalogs on the platform. Customers often browse hundreds of potential subscription items, and loading times are still a pain point. Plan to implement lazy loading and asynchronous image fetching to improve page performance."
2024-09-24 15:00:50,Project B: E-Commerce Subscription Box Platform,"Tested the newly redesigned subscription preference page for mobile users. Users can now save their preferences without refreshing the page, which significantly reduces wait times. We still need to address issues with users on older devices experiencing lag when loading the product catalog."
